C,Si,Mn,Cr,Sn,Cu,Ni,Mo,thickness ,ferrite,perlite ,carbides ,martensite ,ausferrite ,austenite ,copper,CLASS,ferryt,perlit,węgliki,martenzyt,ausferryt,austenit,Wolna miedź,SUMA,ferryt.1,perlit.1,węgliki.1,martenzyt.1,ausferryt.1,austenit.1,Wolna miedź.1,kontrolka,Unnamed: 33,ferryt.2,perlit.2,węgliki.2,martenzyt.2,ausferryt.2,austenit.2,Wolna miedź.2,Unnamed: 41
3.73,2.26,0.087,0.0,0.004,0.0,4.22,1.33,11,0.0,70.6,9.4,4,14,0,0,AN,0.345994,0.004045,0.00138,0.00044,0.0,5.049149,0.0,121.76615,63,21,0,0,0,3,0,100,,2.2e-05,11.445059,4.387461,7.98453,0.0,2.028946,0.0,118.52511
3.39,2.29,0.183,0.11,0.004,3.55,1.68,0.0,19,0.2,10.5,0.0,4,100,4,0,AN,2.44147,0.004045,9.134932,0.00044,100.0,4.719132,0.036173,102.18143,0,18,6,82,0,0,0,100,,31.64245,0.004045,0.00138,0.00044,16.17975,0.000289,0.001886,80.02297
3.21,2.67,0.294,0.14,0.0,0.3,0.0,2.44,19,24.5,0.0,21.6,96,0,0,0,M,2.2e-05,0.004045,0.00138,1.23882,0.0,1.225347,0.030102,126.85099,25,0,0,9,0,0,0,100,,2.2e-05,0.004045,2.996529,0.00044,100.0,0.000289,0.170286,101.52031
3.06,2.18,0.177,0.0,0.0,0.33,0.85,2.44,24,5.7,0.0,5.6,1,0,0,0,M,2.2e-05,0.004045,0.00138,4.554658,0.0,98.07675,0.192297,105.3549,0,0,0,99,0,0,0,100,,2.2e-05,0.004045,5.082055,95.98867,100.0,1.421845,0.0,97.9813
3.05,2.67,0.186,0.0,0.003,0.09,0.0,0.13,21,6.7,0.0,3.0,96,0,6,0,M,2.2e-05,4.302041,0.00138,4.449753,4.63206,0.120681,0.176821,116.22263,16,19,0,0,0,0,0,100,,49.262519,0.004045,0.00138,5.994231,78.98015,0.000289,0.118671,94.54343
3.55,2.43,0.313,0.16,0.0,0.09,1.02,0.22,3,0.0,99.0,10.0,0,19,6,0,AF,62.46501,0.004045,0.00138,0.048586,0.0,0.000289,0.193534,116.52093,5,10,1,6,0,4,0,100,,6.704605,90.488505,0.00138,1.381912,0.0,0.000289,0.120608,80.02297
3.14,2.33,0.089,1.07,0.0,0.0,0.0,0.19,12,4.3,0.0,0.5,96,14,5,0,M,13.862001,0.004045,0.855255,0.00044,95.44452,3.132688,0.217543,109.7999,0,7,0,7,61,4,0,100,,33.680171,2.608797,0.00138,7.282972,22.432,3.195567,0.185203,125.09744
3.98,2.43,0.247,0.07,0.001,0.48,3.68,2.29,24,0.0,24.6,3.7,0,18,42,0,M,3.965955,4.908254,7.315565,0.00044,6.91615,1.0981,0.0,125.94135,4,13,0,0,2,3,0,100,,17.792826,0.004045,4.989554,0.00044,0.0,0.000289,0.0,80.02297
3.42,2.08,0.354,0.12,0.004,1.93,0.0,0.0,20,0.2,18.7,8.6,0,100,34,0,AF,2.2e-05,1.719702,0.00138,0.00044,81.5522,98.07675,0.0,112.39039,0,9,8,99,0,2,0,100,,3.813783,16.186007,0.00138,0.00044,100.0,18.908751,0.0,80.02297
3.0,2.22,0.092,0.0,0.001,0.37,0.35,0.02,24,6.7,0.0,20.2,7,4,3,0,M,11.226975,0.004045,8.166381,0.00044,77.41524,0.000289,0.143827,124.03487,0,0,8,8,0,0,0,100,,6.427318,0.004045,0.00138,7.922854,19.62189,0.000289,0.157664,80.23813
2.92,2.52,0.02,0.0,0.004,0.61,0.0,1.39,14,0.0,87.4,39.4,0,0,5,0,FP,2.2e-05,94.95399,0.00138,95.98867,71.80542,0.000289,0.0,115.67702,3,0,3,11,9,0,0,100,,37.609862,0.004045,0.00138,95.98867,0.0,0.000289,0.0,86.83221
3.59,2.72,0.417,0.15,0.006,0.0,0.0,0.67,10,0.0,99.0,9.8,0,19,3,0,M,0.66415,0.004045,0.00138,1.925022,70.51902,0.000289,0.088788,80.02297,60,0,1,8,0,5,0,100,,2.2e-05,17.210684,0.00138,1.068421,0.0,0.107732,0.042229,85.22686
3.39,2.41,0.02,0.04,0.0,0.0,0.43,2.29,11,70.0,6.9,0.0,6,0,1,0,AF,2.2e-05,0.004045,0.00138,54.528481,8.67727,0.000289,0.136593,108.99352,28,0,0,99,1,6,0,100,,0.427575,0.004045,3.133974,95.98867,91.65436,0.000289,1.051426,80.02297
3.53,2.23,0.063,0.0,0.0,0.0,0.05,0.0,24,2.3,64.2,9.7,96,100,0,0,M,3.357863,0.004045,6.392208,95.98867,0.0,1.44909,0.0,80.02297,0,18,11,1,0,0,0,100,,3.390407,0.004045,2.796879,7.263243,15.34555,0.000289,0.0,112.7181
3.12,2.17,0.02,0.07,0.0,4.04,0.47,0.24,14,70.0,0.0,34.9,6,0,3,0,AN,2.2e-05,0.004045,31.523155,6.364021,1.35808,5.18214,0.193182,105.61402,0,0,0,0,0,3,0,100,,3.123925,0.004045,0.414151,3.700397,85.81952,79.418816,0.0,110.88443
2.91,2.65,0.097,0.0,0.004,0.0,0.6,0.15,11,0.0,6.7,19.8,7,8,0,0,M,2.2e-05,0.004045,6.352127,45.971633,98.3076,2.202226,0.055509,123.73051,2,22,2,6,0,0,0,100,,37.164958,0.004045,4.475852,3.362825,0.0,3.417632,0.201343,112.38303
4.24,2.2,0.02,0.0,0.006,0.1,1.53,0.0,3,2.2,0.0,60.0,3,9,7,0,AN,2.2e-05,19.425969,3.459192,0.00044,0.0,1.20443,0.105707,137.79948,3,0,5,0,5,0,0,100,,5.817705,69.742118,10.299164,72.404969,0.0,0.000289,0.145573,85.73943
2.99,2.1,0.375,0.17,0.007,0.13,0.91,0.4,17,4.0,0.0,60.0,0,20,0,0,FP,62.360235,0.004045,0.00138,0.00044,0.0,0.000289,0.085788,82.32787,0,14,0,8,4,0,0,100,,31.97205,0.004045,0.00138,5.999032,11.6164,0.253598,0.023473,104.21937
3.12,2.67,0.424,0.07,0.0,0.0,0.0,2.05,5,0.0,0.0,53.1,0,3,0,0,FP,2.2e-05,9.358451,0.51115,71.416813,80.701,0.000289,0.0,121.76036,0,98,1,0,0,0,0,100,,4.994733,0.004045,0.088736,0.00044,94.53799,0.000289,0.164958,97.49781
3.1,2.4,0.022,0.12,0.007,1.95,0.23,0.41,6,0.0,14.1,0.0,4,100,100,0,AN,2.2e-05,74.622436,0.004092,1.239578,100.0,98.07675,0.133417,113.25974,0,13,0,2,0,5,0,100,,1.439985,0.004045,8.396034,5.557378,11.35269,0.000289,0.056778,115.9884
3.25,2.73,0.225,0.06,0.005,0.47,0.6,0.78,10,5.5,0.0,9.0,1,0,7,0,AF,10.958567,64.564851,4.577953,50.501746,100.0,0.000289,0.089839,107.17115,33,9,53,5,0,0,0,100,,1.175263,0.004045,0.00138,0.424451,0.0,0.000289,0.208139,80.02297
2.84,2.48,0.248,0.0,0.0,0.0,21.04,0.08,3,0.0,9.7,3.6,96,68,4,0,M,2.2e-05,58.291146,11.213,71.778041,100.0,0.000289,0.189018,122.49253,3,98,0,0,9,5,0,100,,5.588279,3.642045,0.00138,0.00044,0.0,0.000289,0.139187,86.50269
2.73,2.34,0.445,0.13,0.001,4.28,1.33,0.32,14,0.0,0.0,6.1,96,18,7,0,AN,1.824304,19.909928,0.00138,95.98867,4.06214,0.537407,0.138806,131.79925,0,6,3,6,4,0,0,100,,39.379447,0.004045,0.00138,1.10373,6.62425,0.000289,0.050738,120.81722
3.52,2.73,0.135,0.14,0.001,0.0,21.04,2.16,10,5.0,0.0,60.0,0,21,4,0,M,28.203488,9.40093,0.00138,22.276919,3.16496,0.000289,0.182868,80.02297,0,19,2,7,0,0,0,100,,2.2e-05,48.309711,1.706237,1.303229,0.0,0.000289,0.117334,87.3052
3.34,2.29,0.068,0.0,0.0,1.93,0.0,0.0,5,4.2,99.0,5.1,0,0,1,0,M,2.2e-05,0.004045,12.126648,3.331337,15.1501,0.000289,0.029353,134.79105,4,0,2,0,0,2,0,100,,2.574317,15.823756,0.002027,7.147126,68.18531,0.000289,0.089131,80.02297
3.09,2.6,0.247,0.15,0.005,0.09,0.0,0.0,24,0.0,56.6,60.0,0,100,26,0,AN,2.2e-05,13.848109,12.571966,10.076687,100.0,98.07675,0.065038,119.37498,26,5,3,99,0,2,0,100,,15.718664,3.767546,13.237295,4.110612,75.85572,24.41656,0.0,81.28275
2.73,2.32,0.202,0.0,0.0,0.04,21.04,0.68,5,0.0,0.0,5.9,8,56,6,0,M,2.2e-05,15.235413,0.653681,4.901548,14.44776,3.905112,0.191572,134.63591,0,7,3,0,0,78,0,100,,4.439312,0.004045,0.00138,0.00044,95.06402,0.000289,0.170982,88.80495
3.15,2.39,0.08,0.0,0.005,2.88,0.0,1.46,5,0.0,0.0,3.3,0,21,5,0,AN,2.2e-05,85.112543,12.029156,0.00044,86.92707,2.819251,0.0,137.25209,4,0,0,99,4,3,0,100,,2.2e-05,9.391796,3.137234,1.484019,4.816,0.000289,0.048703,92.38477
3.14,2.34,0.393,0.09,0.0,0.0,0.0,0.0,19,3.4,0.0,10.4,90,8,5,0,AN,20.861064,0.004045,0.00138,7.272915,73.70858,0.000289,0.207042,95.57255,0,13,4,6,97,6,0,100,,62.46501,74.467959,0.00138,3.366868,100.0,0.000289,0.0,124.3975
3.05,2.37,0.02,0.0,0.0,2.8,0.94,0.0,24,5.0,4.8,4.8,7,0,1,0,M,1.008612,0.004045,6.463774,62.433661,79.35911,5.244711,0.041973,109.65155,0,0,3,6,0,0,0,100,,2.2e-05,1.733792,0.902557,3.947179,100.0,0.000289,0.096333,86.95788
3.7,2.21,0.434,0.1,0.0,0.0,16.94,0.0,7,0.0,0.0,4.8,3,17,100,0,AN,2.2e-05,5.798224,7.077346,0.174796,0.0,95.429412,0.158457,90.49941,1,0,0,0,0,2,0,100,,27.716364,0.004045,3.344965,6.294704,68.05783,2.898121,0.0,115.23631
3.06,2.29,0.158,0.0,0.0,0.31,8.92,0.0,14,0.0,13.0,0.0,0,100,3,0,M,2.2e-05,0.004045,0.00138,44.729872,8.53413,98.07675,0.076117,119.11317,0,45,0,0,85,3,0,100,,2.2e-05,29.861238,0.00138,1.033345,6.18222,0.000289,0.0,80.02297
3.29,2.48,0.188,0.0,0.0,0.0,3.33,0.39,24,1.6,0.0,9.8,0,14,4,0,AN,2.2e-05,0.004045,8.215942,0.00044,98.11611,5.94923,0.0,82.59566,5,20,5,0,97,0,0,100,,2.941455,4.679647,0.00138,0.095921,1.69126,0.000289,0.086033,104.975
3.05,2.46,0.123,0.16,0.0,0.0,21.04,2.44,9,0.0,0.0,0.6,0,1,20,0,AN,1.71937,0.004045,0.00138,12.039649,3.57771,0.400839,0.04478,81.87173,4,0,0,4,4,0,0,100,,2.2e-05,0.004045,0.00138,6.962607,0.0,0.771672,0.050601,83.06034
2.73,2.68,0.02,0.17,0.0,1.66,0.75,2.44,6,0.0,0.0,57.4,0,20,1,0,AF,2.2e-05,0.004045,9.718693,6.639231,5.37561,67.321216,0.162253,135.98733,0,14,0,5,97,6,0,100,,5.859878,50.90154,0.00138,36.213358,0.0,0.000289,0.097284,91.90978
2.73,2.23,0.198,0.04,0.0,0.21,0.01,0.0,6,0.0,0.0,3.3,1,19,6,0,M,2.2e-05,13.131342,2.323046,0.00044,7.558,64.771716,0.0,127.12989,0,0,0,4,16,0,0,100,,1.199035,0.004045,0.00138,0.00044,0.0,0.000289,0.0,95.79641
3.32,2.43,0.091,0.15,0.0,0.4,0.61,0.99,11,6.9,0.0,2.8,0,0,0,0,M,2.2e-05,8.365048,2.681924,3.147796,0.0,2.945604,0.109982,131.26496,0,6,7,5,0,3,0,100,,2.514931,35.773674,0.549755,0.00044,0.0,85.625197,0.0,100.49191
3.16,2.39,0.336,0.1,0.005,4.94,0.0,0.89,14,0.0,0.0,0.0,0,100,0,0,M,2.956885,4.827424,5.446309,0.00044,91.937,1.170757,0.220394,105.01956,0,3,9,7,0,5,0,100,,13.775497,3.875288,0.00138,66.227692,100.0,0.000289,0.729954,80.02297
4.24,2.7,0.358,0.06,0.0,0.28,21.04,1.41,3,0.0,0.0,0.6,0,0,5,0,AN,2.2e-05,0.004045,8.067084,0.00044,0.0,0.000289,0.0,120.17017,0,22,41,34,0,0,0,100,,0.963661,94.95399,0.00138,6.724938,98.69609,5.343644,0.034329,86.35181
2.73,2.31,0.02,0.17,0.0,0.0,0.0,0.41,22,0.0,8.8,60.0,3,15,2,0,AN,18.414833,0.004045,12.663844,95.98867,9.8786,17.203356,0.012823,119.0226,6,14,3,4,0,0,0,100,,2.2e-05,17.57492,0.816611,5.666201,0.0,0.000289,0.1858,122.42418
3.96,2.72,0.02,0.02,0.0,2.32,21.04,0.0,21,1.8,99.0,0.0,0,0,7,0,AN,4.466247,0.004045,0.00138,4.722731,2.2176,0.133757,0.0,102.4192,25,15,0,0,10,3,0,100,,2.2e-05,15.556914,2.319633,95.98867,0.0,0.000289,0.0,80.02297
3.2,2.39,0.02,0.0,0.0,1.19,0.41,1.39,6,3.5,0.0,60.0,0,15,2,0,M,2.2e-05,11.998322,5.364933,0.00044,0.0,5.052982,0.176726,124.36872,11,22,8,94,92,98,0,100,,19.923508,0.004045,0.00138,3.699191,4.01055,0.000289,0.073853,101.47975
4.11,2.55,0.06,0.13,0.008,0.01,0.0,0.03,3,7.3,10.4,60.0,0,17,4,0,AF,6.356676,5.980341,0.00138,72.519672,0.0,1.894497,0.2218,80.02297,4,0,8,7,0,0,0,100,,17.003422,0.004045,4.395477,5.456246,76.831,0.000289,0.0,80.02297
3.07,2.53,0.787,0.91,0.0,0.0,0.0,0.18,18,3.8,34.5,9.8,2,1,3,0,M,2.2e-05,0.004045,12.089181,69.778062,0.0,0.000289,0.006319,80.02297,1,16,10,1,0,6,0,100,,5.191406,7.156169,0.00138,3.753254,0.0,0.000289,0.07247,122.68275
3.62,2.73,0.126,0.08,0.002,1.13,1.04,0.0,7,4.7,9.2,9.4,0,15,5,0,M,2.969846,17.351133,4.357114,0.00044,100.0,3.981077,0.147723,82.45929,14,5,5,0,55,0,0,100,,4.940806,0.004045,0.00138,4.193732,0.0,0.000289,0.018122,105.67738
2.98,2.47,0.158,0.08,0.006,0.0,0.91,1.2,10,0.0,0.0,60.0,96,12,4,0,AN,2.2e-05,94.95399,0.00138,0.00044,0.0,0.000289,0.136689,111.40338,0,23,6,8,0,2,0,100,,42.103312,0.004045,0.00138,6.171767,0.0,0.000289,0.108868,130.90637
2.9,2.29,0.02,0.02,0.001,0.53,1.28,1.3,24,0.0,99.0,2.8,0,100,6,0,AN,62.46501,48.107752,4.073511,0.00044,0.0,98.07675,0.0,94.26155,6,17,4,0,14,0,0,100,,5.947975,0.004045,1.985391,5.028893,0.0,1.480541,0.0,102.71099
3.69,2.65,0.076,2.68,0.006,0.46,0.0,2.44,12,5.1,3.7,21.6,0,12,4,0,AN,2.2e-05,0.004045,2.299726,37.950865,20.37941,2.495549,0.189539,125.83699,3,0,6,7,0,6,0,100,,1.626843,22.717708,4.449283,7.484164,1.93396,0.000289,0.106712,80.02297
3.84,2.73,0.085,0.08,0.0,0.0,0.0,0.99,24,5.2,90.0,4.1,0,13,5,5,M,2.2e-05,0.004045,2.259233,0.627146,3.93928,0.000289,0.0,122.1245,0,10,0,0,3,6,0,100,,12.959746,7.921607,0.00138,0.00044,0.0,0.000289,0.191544,80.02297
3.23,2.23,0.153,0.06,0.0,4.63,6.51,1.58,3,0.0,15.8,0.0,75,0,7,0,FP,30.515977,6.572324,0.00138,6.688013,100.0,75.72479,0.0,139.85173,0,2,2,0,10,0,0,100,,2.590625,59.23517,0.00138,5.523248,100.0,0.334549,0.087053,81.84731
3.5,2.37,0.083,0.05,0.007,0.0,3.83,0.92,6,0.0,1.4,5.4,2,100,3,0,M,2.241511,0.004045,7.650581,5.410743,0.0,0.000289,0.216296,109.13667,34,0,10,0,0,0,0,100,,0.450943,0.004045,0.00138,0.00044,100.0,0.000289,0.0396,121.36591
3.4,2.35,0.068,0.0,0.007,0.0,1.72,0.0,3,5.6,26.5,0.0,64,100,3,0,AN,24.184722,0.004045,1.724337,0.00044,0.0,4.868622,0.03977,80.02297,0,23,0,0,0,7,0,100,,10.822227,52.521201,7.271539,1.268121,0.0,0.000289,0.0,91.3483
3.3,2.57,0.15,0.1,0.0,0.0,0.4,2.44,20,70.0,10.4,9.9,68,100,4,0,FP,7.445285,10.731285,0.00138,7.16509,1.18693,76.66204,0.044228,113.4426,1,1,0,0,89,0,0,100,,4.821825,55.70018,9.890673,2.871131,11.55574,98.07675,0.0,153.7299
4.24,2.31,0.247,0.09,0.003,0.0,21.04,0.64,20,4.8,91.9,50.3,1,66,0,0,FP,3.619029,30.567573,9.870182,0.00044,0.0,98.07675,0.116247,105.88941,0,6,9,6,60,0,0,100,,37.190897,19.119001,0.00138,7.600627,10.72541,0.000289,0.0,115.81612
3.21,2.2,0.108,0.15,0.0,0.0,2.55,1.43,15,70.0,0.0,9.7,6,12,4,0,AF,2.2e-05,0.004045,2.434114,6.114813,0.0,0.509242,0.19854,80.02297,1,0,2,4,0,0,0,100,,3.141852,2.616249,0.00138,7.204261,0.0,0.000289,0.0,103.66849
2.95,2.52,0.02,0.0,0.002,0.3,0.0,0.0,3,70.0,0.0,30.7,64,20,6,0,M,2.2e-05,94.95399,0.00138,0.00044,17.55489,5.896879,0.113272,132.29211,2,8,0,4,3,0,0,100,,62.46501,7.131047,5.681738,2.858016,16.65133,0.000289,0.136239,80.02297
4.24,2.73,0.29,0.09,0.007,1.9,15.78,1.43,15,5.7,0.0,2.0,0,100,3,0,M,2.2e-05,11.12464,5.398075,0.00044,66.59058,2.557268,0.091358,116.76927,0,13,12,0,0,0,0,100,,62.46501,13.806115,9.928463,0.00044,75.32611,0.747219,0.0,86.8601
4.07,2.57,0.02,0.17,0.0,0.0,3.21,0.0,3,2.7,0.0,9.6,0,21,100,0,AN,2.2e-05,0.004045,11.160661,0.00044,100.0,1.068804,0.0,128.68202,20,25,0,4,0,2,0,100,,5.485751,17.27669,0.00138,3.481715,0.0,0.37212,0.19074,131.94861
3.45,2.44,0.276,0.03,0.002,4.18,1.38,0.98,8,0.0,99.0,0.0,96,100,6,0,AF,62.46501,77.016848,8.784874,7.001907,0.0,19.052872,0.0,136.68813,6,18,10,79,59,94,0,100,,7.942281,20.149258,5.754003,0.00044,100.0,0.000289,0.0,123.31967
2.73,2.57,0.392,0.13,0.0,0.06,0.76,0.33,24,0.0,0.0,9.8,0,18,1,0,FP,2.2e-05,0.004045,0.00138,0.00044,20.24657,4.903565,0.069644,134.37698,0,98,0,99,97,5,0,100,,3.789536,24.353794,3.055759,0.00044,0.0,2.258716,0.20662,92.87537
3.49,2.45,0.315,0.13,0.0,0.07,0.0,1.61,17,53.1,13.6,25.2,1,6,4,0,M,4.31832,0.004045,0.00138,0.269178,0.0,0.000289,0.0,130.80135,5,11,6,4,0,0,0,100,,34.805552,0.004045,0.00138,5.263354,0.0,2.873227,0.0,100.29501
4.24,2.39,0.02,0.14,0.0,0.0,0.0,0.99,3,26.2,0.3,60.0,96,0,0,0,M,29.638252,0.004045,0.00138,60.96441,100.0,0.000289,0.0,107.80566,2,0,4,7,75,2,0,100,,2.2e-05,22.235618,23.065649,6.895428,0.0,0.000289,0.200317,80.02297
2.73,2.15,0.345,0.11,0.0,0.25,6.12,2.41,24,6.4,0.0,60.0,8,4,7,0,M,1.046967,0.004045,11.256158,95.98867,100.0,2.354991,0.211207,87.08945,1,5,8,0,57,0,0,100,,62.46501,0.004045,0.00138,2.595607,21.76893,0.000289,0.001587,81.30839
3.41,2.55,0.02,0.0,0.0,0.36,21.04,0.25,24,0.0,12.1,0.0,2,0,6,0,AN,6.182691,9.131059,0.00138,7.628389,19.01798,21.412522,0.015008,123.82219,64,0,0,61,9,0,0,100,,35.108096,0.004045,7.066274,0.00044,11.88776,0.000289,0.0,123.12855
3.37,2.18,0.272,0.11,0.0,0.0,21.04,0.3,20,1.4,10.4,60.0,6,11,0,0,M,39.396914,0.004045,0.00138,38.119438,0.0,0.000289,0.163927,134.51321,1,12,0,5,9,0,0,100,,2.2e-05,0.004045,37.218994,0.00044,76.59767,0.000289,0.02942,122.95047
3.09,2.08,0.359,0.13,0.0,2.91,1.22,0.24,10,0.0,0.0,5.7,0,0,28,0,AN,2.2e-05,0.320476,0.00138,0.00044,10.1278,98.07675,0.069874,94.67141,0,98,0,0,13,3,0,100,,2.2e-05,28.447622,0.00138,95.98867,100.0,0.000289,0.0,86.27143
3.81,2.73,0.029,0.04,0.002,0.0,1.48,2.44,10,1.6,10.1,0.0,1,0,1,0,AN,2.2e-05,0.004045,13.191915,3.739596,0.0,0.000289,0.029502,136.18064,6,15,0,56,0,0,0,100,,1.985919,16.160825,4.515053,4.48986,76.21691,2.371497,0.195616,136.13171
2.93,2.28,0.253,0.0,0.0,0.0,3.98,0.37,7,4.9,74.7,7.6,96,0,100,5,M,2.2e-05,0.004045,0.00138,4.834228,13.5445,1.940652,0.172541,91.18031,0,15,7,0,56,6,0,100,,2.2e-05,7.474519,0.00138,4.220991,0.0,0.000289,0.0,80.02297
2.85,2.73,0.043,0.14,0.0,4.14,0.0,2.44,11,0.0,0.0,8.1,1,3,7,0,AN,0.558401,2.812885,0.00138,1.216743,100.0,3.928157,0.090596,85.18081,11,18,0,5,1,0,0,100,,2.2e-05,94.95399,0.00138,5.951554,0.0,2.302637,0.140203,98.80921
2.93,2.73,0.147,0.07,0.006,0.73,0.0,0.17,5,0.0,12.4,0.0,0,18,28,0,AF,2.2e-05,9.076645,0.00138,0.00044,17.55707,0.000289,0.0,129.24401,2,15,0,0,0,0,0,100,,2.2e-05,4.906085,8.806629,4.479452,69.69297,0.831931,0.0,86.21605
2.73,2.32,0.443,0.01,0.0,0.36,0.0,0.02,6,0.0,40.8,10.2,6,11,0,0,AN,2.2e-05,88.064479,3.604453,95.98867,14.48343,2.41602,0.083355,133.69831,0,0,9,6,93,0,0,100,,2.2e-05,0.004045,53.202796,2.800234,82.9432,0.000289,0.20994,88.56077
3.11,2.46,0.289,0.06,0.0,0.0,0.44,2.44,12,0.0,14.2,1.2,5,15,7,0,M,2.2e-05,0.004045,0.00138,0.00044,0.0,0.000289,0.0,80.02297,14,7,1,2,0,0,0,100,,6.083116,94.95399,18.483051,1.033788,0.0,0.000289,0.0,120.65988
3.33,2.62,0.02,0.06,0.0,0.0,0.0,0.0,24,0.0,0.0,33.8,0,17,0,0,M,2.2e-05,0.004045,0.00138,95.98867,0.0,5.227545,0.0,103.67697,0,0,2,6,4,3,0,100,,2.2e-05,84.606316,0.00138,19.521003,0.0,0.000289,0.197574,80.02297
3.34,2.36,0.02,0.0,0.0,3.37,14.13,0.0,24,6.8,7.4,5.9,0,18,29,0,AN,2.2e-05,0.004045,0.00138,0.00044,0.0,1.867502,0.176238,108.92196,0,4,10,0,4,0,0,100,,3.176669,0.004045,6.681972,6.451904,0.0,0.000289,0.0,98.82752
3.0,2.73,0.151,0.01,0.006,0.31,1.64,0.17,7,0.0,1.3,2.7,80,19,4,0,M,2.2e-05,24.886758,0.00138,95.98867,18.92874,0.33925,0.169229,102.96949,0,98,4,0,1,0,0,100,,2.2e-05,0.004045,10.246541,0.00044,22.07102,0.000289,0.159632,120.07027
3.07,2.38,0.02,0.0,0.0,0.0,0.65,0.14,24,4.5,19.0,4.6,5,0,2,0,FP,2.2e-05,0.004045,22.283396,95.98867,71.50979,0.000289,0.0,112.83196,2,6,9,0,89,0,0,100,,3.903079,39.833369,22.740393,1.096796,0.0,0.000289,0.0,153.7299
3.79,2.57,0.362,0.0,0.002,1.79,18.15,0.08,5,57.3,25.1,7.2,0,0,2,0,M,0.643638,64.297228,0.00138,4.549589,0.0,0.000289,0.198912,80.02297,4,14,0,1,0,3,0,100,,2.94634,20.354938,0.00138,2.445235,67.8047,0.000289,0.098047,80.02297
2.73,2.72,0.02,0.09,0.005,0.31,2.43,2.44,6,2.2,4.2,9.7,4,12,1,0,AN,0.118023,0.004045,12.508811,95.98867,8.11276,0.000289,0.092949,128.54124,6,19,10,99,0,6,0,100,,5.30307,17.445709,1.986068,2.229019,4.90033,0.000289,0.170915,118.4484
2.73,2.73,0.432,0.11,0.0,0.23,0.42,0.0,22,18.8,0.0,9.2,67,100,2,0,AN,2.2e-05,9.327303,19.325941,0.00044,91.60037,0.000289,0.034384,108.29974,0,4,0,0,0,0,0,100,,27.563125,8.365171,10.947126,83.67955,68.79804,0.000289,0.205809,82.70518
3.76,2.12,0.175,0.06,0.005,0.03,0.0,0.0,8,0.0,0.0,46.8,0,0,3,0,M,2.2e-05,0.004045,56.638139,0.00044,0.0,5.434807,4.772713,99.77901,0,0,5,99,16,0,0,100,,2.2e-05,0.796973,0.00138,5.88923,0.0,0.000289,0.067676,84.78117
3.51,2.18,0.175,2.25,0.001,0.04,5.5,0.0,24,7.2,0.0,2.9,0,17,4,0,M,2.867782,0.004045,9.045974,95.98867,4.30837,3.379491,0.129727,80.02297,4,6,11,6,0,0,0,100,,5.420153,0.004045,0.00138,0.00044,10.8855,23.467302,0.0,88.04874
3.77,2.33,0.084,0.05,0.003,3.26,21.04,0.62,9,0.0,10.7,15.9,0,6,0,0,AN,2.2e-05,0.004045,0.00138,71.620237,88.10411,4.655002,0.17718,119.55875,1,10,1,99,0,0,0,100,,2.2e-05,0.004045,7.603689,5.917451,9.48347,52.039569,0.107073,94.94579
3.77,2.73,0.455,0.11,0.005,0.42,1.59,0.28,3,5.5,0.0,0.0,6,0,6,0,M,2.2e-05,16.475325,0.00138,0.00044,12.07211,2.035259,0.12456,106.38932,0,15,0,99,0,2,0,100,,30.711915,0.004045,0.00138,1.185193,3.49672,5.383165,1.085172,94.92664
2.73,2.5,0.192,0.0,0.001,0.06,0.54,2.4,16,0.0,5.1,0.0,6,0,6,0,FP,2.2e-05,0.004045,10.366847,69.497246,99.21932,8.474201,0.157299,137.07509,0,9,0,84,11,2,0,100,,3.859234,0.313523,4.961441,0.00044,0.0,3.029676,0.069096,112.86592
2.91,2.24,0.118,0.14,0.0,0.25,0.0,2.44,10,0.0,0.0,9.5,4,19,32,0,FP,59.585359,0.004045,0.00138,5.10169,85.93526,3.198849,0.0,80.02297,2,0,9,3,0,0,0,100,,8.565027,13.561865,5.723444,6.486998,0.0,0.33096,0.348363,106.0091
3.12,2.71,0.426,0.05,0.005,1.88,21.04,1.51,3,55.1,0.0,5.3,1,4,3,0,M,2.2e-05,8.881567,0.00138,0.00044,3.15623,1.101675,0.076411,94.69542,0,13,4,99,0,0,0,100,,2.2e-05,3.18026,0.00138,0.873974,0.0,0.000289,0.104288,98.91328
2.73,2.68,0.381,0.11,0.0,3.22,1.12,2.44,24,5.4,15.8,0.0,2,0,0,0,M,10.325862,0.004045,1.160949,95.98867,0.0,14.214629,0.0,125.75386,4,17,3,34,0,0,0,100,,1.678942,81.293166,0.00138,2.138953,3.85392,4.207825,0.183564,84.68177
2.92,2.63,0.182,0.0,0.005,0.19,1.28,0.69,3,4.1,10.8,0.2,4,0,100,0,AN,2.2e-05,94.95399,52.879883,2.58296,17.10925,1.392841,0.162808,136.56733,0,15,2,0,0,0,0,100,,62.46501,0.004045,57.12141,0.00044,15.18343,0.000289,0.146806,115.58399
2.91,2.24,0.267,0.14,0.0,0.0,2.9,0.94,22,2.9,0.0,60.0,6,14,56,0,M,2.736869,6.982289,0.00138,0.00044,0.0,1.251988,0.125695,121.3466,0,21,10,7,0,1,0,100,,6.08193,80.727568,0.00138,95.98867,100.0,0.000289,0.0,84.49998
3.26,2.73,0.142,0.08,0.0,1.44,0.0,2.19,13,48.0,11.0,6.6,0,9,6,0,AF,2.2e-05,12.581135,0.00138,95.98867,0.0,0.000289,0.190323,100.24173,4,0,0,91,55,5,0,100,,4.004667,94.917619,0.00138,2.679518,0.0,0.000289,0.150061,117.58733
2.73,2.73,0.151,0.08,0.006,0.0,3.69,0.0,24,0.0,0.0,60.0,96,16,3,0,M,2.2e-05,19.222528,0.743989,0.00044,0.0,0.000289,0.007045,113.88262,2,5,6,4,0,0,0,100,,3.805699,94.95399,8.054029,3.804547,0.0,0.000289,0.014321,86.20843
4.09,2.72,0.02,0.16,0.006,0.0,21.04,0.61,3,1.4,3.4,10.5,0,100,6,0,AN,2.2e-05,6.702078,57.12141,0.00044,9.08103,56.912205,0.0527,130.73199,2,98,10,5,0,2,0,100,,6.48101,20.604634,0.00138,6.444872,0.0,0.000289,0.19461,88.16788
3.86,2.26,0.02,0.1,0.002,0.16,0.0,2.42,8,3.3,0.0,4.3,6,100,5,0,FP,2.2e-05,0.004045,10.441558,3.941754,0.0,0.000289,0.005884,113.23276,5,0,25,99,0,0,0,100,,2.2e-05,86.798761,0.00138,0.00044,0.0,1.159162,0.0,101.02419
3.43,2.51,0.376,0.14,0.0,0.0,0.0,2.44,7,5.4,13.0,9.3,96,20,100,0,M,5.136762,0.004045,57.12141,95.98867,100.0,0.000289,0.183538,81.98129,18,0,25,99,56,6,0,100,,1.004208,0.004045,0.00138,42.346634,80.37739,0.000289,0.141285,80.02297
3.03,2.36,0.453,0.0,0.004,0.0,0.35,1.89,11,0.0,24.6,9.1,0,18,1,0,M,6.609621,0.004045,0.00138,6.182391,79.75616,0.000289,0.167825,99.58019,0,15,6,7,3,98,0,100,,3.9608,7.136159,0.00138,7.803153,0.0,4.065214,0.07798,113.90755
3.19,2.08,0.02,0.16,0.0,2.55,1.61,0.0,10,0.0,5.8,4.8,5,100,1,0,FP,55.661833,63.03177,0.00138,4.900048,0.0,6.092909,0.160219,116.80545,3,98,0,6,90,0,0,100,,1.234101,33.185301,12.995325,95.98867,4.9166,0.000289,0.0,111.46301
2.96,2.51,0.356,0.03,0.007,0.35,0.91,1.95,22,4.5,2.1,8.9,4,19,100,0,AN,26.679521,14.724032,0.00138,4.775194,100.0,4.189725,0.209713,130.5033,0,0,0,5,5,0,0,100,,2.2e-05,6.257612,9.924846,5.061083,0.0,0.000289,0.144282,84.30809
2.99,2.6,1.39,0.07,0.0,0.02,21.04,2.44,16,0.0,0.0,30.0,5,100,99,0,AN,62.46501,73.69535,0.00138,95.98867,100.0,0.000289,0.476051,83.34243,4,0,1,5,3,0,0,100,,2.093708,0.004045,10.821356,4.020642,22.2899,0.000289,0.0,105.61131
4.03,2.17,0.188,0.13,0.0,0.0,0.38,0.0,10,3.4,14.1,60.0,0,0,0,0,AN,62.46501,0.004045,1.167707,7.148306,72.22309,0.000289,0.146135,86.74526,5,8,11,6,4,0,0,100,,15.004934,14.552294,0.00138,24.162545,0.0,0.000289,0.0,80.09693
4.15,2.34,0.02,0.07,0.006,0.21,0.47,0.94,22,0.0,8.1,0.6,0,18,36,0,AN,2.2e-05,19.690423,0.00138,0.283519,91.60691,1.847076,0.022793,118.04837,0,4,0,0,18,23,0,100,,0.454174,1.630069,10.53376,6.767987,0.0,0.000289,0.0,80.02297
2.81,2.41,0.054,0.08,0.007,0.0,1.02,1.86,18,2.2,0.0,3.7,4,17,100,0,M,13.270438,94.95399,13.128733,42.175667,73.50222,1.566777,0.0,93.78777,3,21,26,0,97,0,0,100,,6.130423,0.004045,0.00138,1.40687,9.8956,98.07675,0.0,91.65508
2.73,2.73,0.072,2.81,0.005,1.95,21.04,1.4,3,0.0,99.0,9.4,0,14,28,0,M,4.510661,35.645936,3.153926,95.98867,100.0,1.526609,0.0,128.83659,0,10,0,99,0,3,0,100,,0.103726,0.632292,0.00138,6.907268,0.0,98.07675,0.100129,87.95813
4.12,2.48,0.382,0.07,0.006,3.32,5.48,0.29,10,0.9,99.0,0.0,2,65,3,0,FP,7.974644,48.252867,9.717885,95.98867,0.0,31.824592,0.0,134.302,4,16,6,99,0,0,0,100,,2.2e-05,5.964962,8.928142,3.715428,97.03203,1.650183,0.05273,129.06229
3.07,2.48,0.249,0.16,0.003,0.0,0.0,1.85,3,0.0,52.2,48.2,0,0,0,0,AN,2.2e-05,8.617833,4.087454,61.613286,14.25759,0.000289,0.215354,113.66225,3,21,0,5,0,5,0,100,,2.2e-05,19.289305,1.278777,0.147766,83.93309,0.000289,0.205075,89.66875
3.09,2.73,0.02,0.1,0.002,2.51,21.04,0.0,7,0.0,0.0,4.1,0,0,2,0,M,2.2e-05,3.918938,0.00138,0.00044,0.0,98.07675,0.041684,135.97934,0,12,7,6,1,5,0,100,,2.2e-05,0.004045,0.00138,2.455058,0.0,98.07675,0.015791,80.02297
4.05,2.71,0.272,0.01,0.0,0.0,0.0,0.07,19,1.6,17.2,8.9,0,18,0,0,AN,2.2e-05,0.004045,3.351627,3.223664,70.21104,0.174434,0.0,153.7299,1,0,0,0,0,0,0,100,,2.246074,23.643682,0.219658,6.824181,0.0,0.000289,0.105722,121.75449
2.73,2.19,0.517,0.15,0.0,0.21,0.0,1.23,5,0.0,0.0,7.3,2,6,39,0,M,62.46501,11.393991,9.352371,6.961352,6.42601,4.417662,0.077081,94.99394,4,6,2,1,0,3,0,100,,5.070822,0.004045,0.00138,0.00044,21.26289,0.000289,0.0,89.2647
3.47,2.64,0.383,0.13,0.0,4.08,0.0,2.44,10,6.6,4.3,2.3,4,8,3,0,FP,2.2e-05,13.117735,0.00138,0.00044,7.23206,4.056383,0.213796,128.71441,0,20,0,7,0,5,0,100,,62.46501,94.95399,0.00138,6.328034,0.0,1.32285,0.025396,80.02297
3.02,2.59,0.289,0.0,0.0,0.0,0.0,0.0,3,0.9,0.0,8.7,2,3,0,0,M,2.2e-05,0.004045,5.320366,0.00044,0.0,4.647364,0.0,83.00801,20,15,7,6,0,0,0,100,,2.955098,50.829275,0.00138,4.456761,0.0,0.000289,0.144587,90.05656
3.86,2.44,0.17,0.15,0.003,0.0,4.11,1.8,17,6.4,8.9,7.8,1,88,3,0,M,4.072419,0.004045,0.00138,95.98867,0.0,24.835359,0.0,90.40169,4,24,5,4,6,1,0,100,,2.2e-05,61.594908,0.00138,6.334801,0.0,0.000289,0.0,94.65258
3.04,2.08,0.02,0.11,0.121,0.39,0.0,0.18,14,0.0,75.4,8.6,0,10,100,0,M,0.462514,0.004045,34.45436,5.38112,70.19422,0.000289,0.016516,102.30833,6,11,11,0,0,5,0,100,,2.301276,0.004045,0.734693,0.00044,0.0,58.538825,0.0,96.6591
3.13,2.73,0.023,0.09,0.003,0.26,0.77,0.0,11,0.0,0.0,60.0,2,16,0,0,M,2.2e-05,19.803905,2.067584,0.00044,100.0,3.334877,0.09504,131.5106,0,19,7,0,0,2,0,100,,4.88989,21.160366,0.00138,0.733802,0.0,0.000289,0.272718,80.02297
3.39,2.28,0.02,0.0,0.085,0.33,21.04,0.16,14,3.1,0.0,57.2,0,100,31,0,M,2.2e-05,0.004045,0.00138,57.615896,87.92812,0.000289,0.105741,80.02297,0,0,7,0,89,0,0,100,,4.822296,0.004045,2.522372,0.00044,69.49774,0.000289,0.0,88.03314
2.86,2.11,0.02,0.0,0.0,2.17,0.0,1.1,6,20.7,13.4,0.0,5,5,0,0,AN,2.2e-05,0.004045,0.00138,0.579866,89.33171,0.000289,0.0,137.93691,0,0,0,0,0,2,0,100,,54.225045,41.920368,21.80309,0.00044,94.96867,0.000289,0.035423,82.64042
4.24,2.73,0.035,0.17,0.0,3.08,21.04,1.05,3,0.0,45.0,16.1,0,13,6,0,AN,2.2e-05,0.004045,7.008832,0.08567,100.0,0.000289,0.0,136.15891,6,24,0,0,0,0,0,100,,0.125411,0.004045,0.00138,0.00044,0.0,0.000289,0.0,87.77146
3.81,2.25,0.02,0.12,0.0,4.94,3.29,2.44,11,0.0,15.3,1.3,0,7,3,0,AN,2.2e-05,0.004045,11.755919,0.00044,3.17843,0.000289,0.0,133.3817,0,0,10,99,0,91,0,100,,6.170939,14.263553,0.00138,3.439861,0.0,0.000289,0.132254,80.02297
3.72,2.54,0.02,2.81,0.0,0.0,0.0,0.0,3,0.0,7.9,6.1,0,18,0,0,M,2.2e-05,2.350102,10.871899,0.00044,0.56214,0.000289,0.0,127.28489,0,0,0,7,6,0,0,100,,1.649486,23.227287,0.272905,5.184106,0.0,0.000289,0.152152,90.00849
2.73,2.5,0.295,0.04,0.006,0.3,0.06,0.0,3,4.8,45.1,60.0,5,15,2,0,AF,2.2e-05,13.277826,6.818444,0.888684,0.0,3.252328,0.10711,128.23544,55,5,5,3,6,3,0,100,,0.404649,13.63441,0.00138,0.00044,0.0,0.000289,0.150954,101.41113
2.73,2.17,0.195,0.14,0.003,0.09,0.0,2.12,12,0.0,12.4,9.3,0,16,41,0,AF,14.649788,19.032757,6.754097,95.98867,0.0,1.288005,0.0,104.46904,3,0,1,1,3,0,0,100,,2.2e-05,0.004045,0.00138,2.904274,77.73978,0.000289,0.0,85.86802
3.01,2.31,0.28,0.16,0.0,0.0,5.3,2.44,7,6.0,0.0,30.2,0,100,0,0,AN,1.829007,0.434999,0.00138,95.98867,13.02471,1.372961,0.170213,80.02297,0,22,7,2,0,98,0,100,,2.2e-05,23.268956,0.00138,95.98867,0.0,14.21079,0.0,118.17165
2.78,2.73,0.235,0.01,0.0,0.23,1.67,0.38,24,4.7,99.0,10.0,96,13,4,0,AN,62.46501,0.004045,0.00138,19.390946,2.97927,0.501419,0.0,81.2091,3,0,0,3,7,0,0,100,,4.645608,9.554623,4.881463,7.3933,84.69591,0.000289,0.004537,88.56977
3.64,2.51,0.365,2.55,0.0,0.0,0.0,0.33,3,5.5,26.4,5.4,96,18,7,0,M,18.589553,0.004045,10.235538,0.00044,100.0,0.000289,0.20755,112.17027,1,83,11,5,52,6,0,100,,5.079494,94.95399,8.301901,4.540318,77.09831,0.000289,0.16282,81.50463
3.04,2.34,0.248,0.0,0.0,0.47,0.83,0.18,23,0.0,1.2,0.0,0,0,0,0,AN,1.298343,0.004045,0.00138,82.364875,12.6442,0.000289,0.0,128.17924,4,0,0,0,0,0,0,100,,0.472168,94.95399,0.00138,0.499042,6.68623,0.000289,0.0,81.94421
3.62,2.54,0.067,0.04,0.002,0.0,0.0,0.0,5,0.0,0.0,34.4,1,15,0,0,AN,2.2e-05,31.07306,57.12141,0.00044,71.0003,0.000289,0.173308,140.2686,4,0,4,0,0,5,0,100,,3.329489,94.021466,4.953962,0.00044,66.67844,0.000289,0.090978,122.33833
3.85,2.36,0.02,0.13,0.0,4.79,0.0,0.23,23,3.6,24.4,11.9,0,15,0,0,AF,2.2e-05,0.004045,25.132942,48.053707,100.0,2.899718,0.0,139.39822,43,3,0,0,0,2,0,100,,1.09605,94.95399,0.00138,2.003685,80.46672,98.07675,0.210961,82.07177
2.73,2.48,0.02,0.14,0.0,0.38,3.83,0.0,3,4.9,1.4,7.2,1,18,5,0,M,44.644403,4.21702,6.396433,0.00044,17.17593,3.40619,0.0,135.69442,3,23,5,5,0,4,0,100,,1.57247,0.004045,4.259563,6.794462,23.74438,1.247915,0.198268,121.97844
4.17,2.23,0.02,0.14,0.0,2.61,0.0,2.44,9,7.4,5.8,4.9,96,16,0,0,M,2.2e-05,0.004045,0.955341,0.00044,3.44419,0.000289,0.0,103.92701,0,0,0,2,10,14,0,100,,5.799064,0.004045,44.255965,5.127737,84.10429,0.000289,0.0,80.02297
4.24,2.64,0.207,0.02,0.0,0.12,2.93,1.03,24,6.0,1.4,60.0,0,7,32,0,M,2.2e-05,0.004045,0.00138,95.98867,0.0,0.000289,0.024172,108.72041,2,4,0,0,5,4,0,100,,19.24285,0.004045,0.00138,2.639185,11.88827,0.000289,0.0,94.12982
3.37,2.73,0.241,0.0,0.002,0.0,21.04,1.32,22,11.4,6.9,3.0,4,19,4,0,M,2.2e-05,15.066446,0.00138,95.98867,22.3222,5.80563,0.194401,133.42367,0,22,0,4,10,4,0,100,,4.867998,22.580065,9.433048,95.98867,0.0,1.637109,0.181648,80.02297
2.94,2.45,0.152,0.16,0.004,0.32,0.0,0.15,24,3.8,11.3,60.0,0,10,100,0,AN,10.867039,4.995573,32.814986,65.510036,91.56132,0.000289,0.1041,97.32965,33,18,0,3,0,98,0,100,,1.071788,28.854673,0.00138,4.395282,100.0,89.170952,0.0,110.01455
4.24,2.35,0.375,0.0,0.005,1.69,0.0,1.69,13,1.8,0.0,0.0,0,4,0,0,M,2.2e-05,17.797351,0.00138,0.00044,0.0,0.000289,0.081971,103.68609,2,9,17,0,0,0,0,100,,5.178968,69.311844,0.00138,6.466209,0.0,1.466693,0.0,94.51088
3.4,2.59,0.246,0.16,0.001,0.2,0.01,2.26,10,6.7,6.6,2.9,26,15,69,0,AF,2.2e-05,0.004045,2.065349,3.711665,0.0,0.000289,0.197824,81.49631,0,0,0,41,0,0,0,100,,5.778554,37.0993,0.00138,0.00044,74.68493,0.000289,0.0,89.21637
3.81,2.58,0.453,0.0,0.0,2.92,0.99,0.06,9,0.0,22.7,2.3,5,0,0,0,M,33.086298,73.605527,3.456365,6.197363,0.0,21.365187,0.441667,133.0286,5,13,7,4,0,3,0,100,,6.173321,28.520544,0.00138,5.011927,100.0,0.000289,0.095187,112.25716
2.89,2.44,0.173,0.1,0.001,0.04,0.24,0.43,6,0.0,0.0,3.1,0,7,1,0,M,2.2e-05,15.896821,0.00138,95.98867,0.0,0.000289,0.211769,123.74465,0,9,0,4,0,4,0,100,,1.005647,0.004045,4.359961,3.514667,69.41167,0.000289,0.117772,103.34291
3.15,2.59,0.215,0.16,0.0,2.3,1.29,0.21,21,2.3,0.0,9.9,1,13,4,0,AN,2.2e-05,0.004045,0.00138,0.00044,11.33854,0.000289,0.110349,109.19922,0,2,0,4,3,0,0,100,,5.647847,4.567471,57.12141,1.751712,0.0,0.307487,0.0,94.21027
3.02,2.58,0.429,0.0,0.0,0.07,19.05,2.11,10,1.6,0.0,9.0,96,0,26,0,AN,11.785302,17.390605,0.00138,2.992157,100.0,1.850076,0.200696,127.62962,2,22,10,7,53,6,0,100,,5.076582,3.395154,0.00138,95.98867,16.52834,0.000289,0.0,85.83859
4.05,2.27,0.02,0.17,0.0,2.58,1.95,0.18,14,7.2,51.2,4.8,65,100,13,0,AN,23.514379,0.004045,0.00138,6.302036,81.07625,0.000289,0.213997,99.11422,0,15,0,29,89,4,0,100,,7.689528,0.004045,0.00138,0.00044,0.0,0.000289,0.086954,122.71855
3.37,2.15,0.172,0.08,0.0,0.33,1.13,2.27,20,6.2,0.0,0.0,4,5,7,0,FP,2.2e-05,0.004045,9.811863,1.176321,16.81619,2.373178,0.0,109.59147,0,9,0,0,0,0,0,100,,1.622134,33.469885,0.00138,5.693525,100.0,1.136384,0.0,98.65966
3.26,2.28,0.131,0.12,0.002,0.4,13.8,1.98,13,1.8,0.0,5.3,3,18,4,0,M,2.2e-05,4.599254,15.547739,16.244116,0.0,0.000289,0.0,132.40521,0,12,0,0,13,0,0,100,,2.976652,0.004045,0.00138,0.00044,0.0,0.000289,0.102618,113.68492
2.98,2.29,0.152,0.03,0.006,0.02,0.38,0.0,6,4.4,0.0,0.0,5,0,7,0,AN,2.2e-05,17.556005,7.300231,95.98867,0.0,0.000289,0.076412,96.24203,4,73,0,4,0,0,0,100,,0.852975,0.004045,0.00138,3.449666,0.0,0.000289,0.0,97.67477
3.16,2.22,0.058,0.0,0.007,0.0,5.56,0.0,21,0.0,0.0,7.5,0,100,100,0,AN,2.424603,80.040393,11.997855,0.00044,0.0,5.194903,0.052361,85.44322,3,17,6,0,0,0,0,100,,4.069173,0.004045,5.089389,6.572563,0.0,0.000289,0.0,119.95892
3.21,2.73,0.184,1.61,0.006,0.28,0.0,0.0,15,0.0,18.7,60.0,0,21,4,0,AN,0.658732,4.724944,2.432406,0.00044,71.81738,0.000289,0.0,109.89151,0,13,4,3,0,3,0,100,,5.647943,94.95399,8.389321,7.139883,0.0,0.000289,0.0,101.88533
2.73,2.1,0.02,0.01,0.0,3.25,21.04,1.28,22,1.3,0.0,9.8,5,19,4,0,M,2.2e-05,6.488524,13.208221,2.113943,20.90492,6.044189,0.115036,129.88838,0,0,0,0,96,0,0,100,,16.843737,0.004045,0.00138,0.00044,8.1448,0.000289,0.119455,106.80569
3.11,2.68,0.081,0.11,0.0,0.0,1.47,0.04,18,6.7,16.6,8.8,6,19,4,0,FP,3.786997,0.004045,3.777563,2.463489,100.0,0.000289,0.00259,121.54177,0,53,0,0,0,0,0,100,,62.46501,0.004045,0.00138,2.248257,1.48651,0.000289,0.191159,116.96558
3.57,2.61,0.223,0.0,0.0,0.24,1.41,1.93,20,0.0,8.8,5.3,0,0,1,0,M,2.2e-05,0.004045,0.00138,95.98867,18.90541,0.000289,0.150217,117.30809,1,82,0,0,20,0,0,100,,2.2e-05,94.95399,0.00138,0.00044,78.70349,2.538509,0.115023,95.18304
3.25,2.39,0.217,0.15,0.0,0.96,0.0,2.44,10,0.0,3.9,3.8,0,17,0,0,M,2.2e-05,0.004045,3.479337,0.00044,0.0,0.000289,0.0,131.9084,2,19,0,0,0,0,0,100,,24.943563,94.95399,0.00138,51.28512,9.14998,0.000289,0.0,117.90632
3.46,2.59,0.02,0.0,0.0,0.0,3.16,2.04,3,1.3,0.0,3.0,0,0,6,0,AP,2.2e-05,16.729527,6.774835,57.737549,3.13376,98.07675,0.209308,93.39985,0,14,0,0,97,3,0,100,,3.597194,78.336031,0.00138,4.51753,68.59427,0.000289,0.0,84.90769
3.0,2.55,0.261,0.02,0.0,3.36,21.04,2.44,5,0.0,95.9,60.0,83,100,6,0,M,27.990355,49.610841,57.12141,1.896602,90.00936,35.964819,0.189415,127.633,2,21,0,0,0,3,0,100,,3.80279,11.925483,4.895877,5.946639,0.0,0.000289,0.0,130.18287
2.94,2.19,0.272,0.15,0.0,0.0,0.0,0.36,3,2.6,0.0,3.3,2,14,6,0,M,10.957228,0.004045,29.445606,20.096584,0.0,0.000289,0.10485,133.9948,6,1,0,0,0,0,0,100,,30.959886,0.004045,11.694859,3.844202,0.0,0.655565,0.0,135.63605
2.87,2.2,0.183,0.16,0.0,4.22,0.0,0.26,10,5.4,24.6,6.5,3,0,100,0,AN,6.496387,0.004045,0.00138,7.869539,4.96439,0.000289,0.212891,123.29367,1,0,11,7,0,0,0,100,,2.2e-05,21.213819,0.00138,0.00044,0.0,0.000289,0.000426,85.85132
